place_id,name,address,lat,lng
ChIJGRVThTKhMI4RT3ddPa1B5mA,Centro de Salud de Mariano Ramos,Cra 48 cll 44,3.4020939,-76.5147929
ChIJBYI7WqCmMI4RWmnBu5B31O8,Comfandi Tequendama,Calle 5a #42-15,3.4216118,-76.5467063
ChIJLdqiOrKmMI4R3tDXF6nmYVA,EPS Sura,"Entrada A La CL13, Carrera 50 #12A-90",3.408661,-76.5349761
ChIJaRHugD-mMI4RfhhpRDDhcBs,Hippocrates Medical Center,Avenida 2c Norte #24N-120,3.4632635,-76.5230681
ChIJpQ3x5gOkMI4ROCVT-YnmG8k,Clínica Guadalupe,Calle 2b #55-02,3.4098814,-76.5533839
ChIJixK0p6GmMI4RC37U1-X_NsM,Centro Medico Holos,Carrera 41 #5B_28,3.4218747,-76.54519789999999
ChIJq6UceKGmMI4RzyrvxfeeTII,Clínica El Bosque Ltda,Carrera 40 #5c-46,3.4219311,-76.5436805
ChIJD33o0XqmMI4RURdOi9Wv2L4,EMI,Avenida Colombia #6-10,3.4517843,-76.537489
ChIJDwPvdl6hMI4RVaJHhpgn2vo,UBA Coomeva Race 80,Carrera 80 #6-71,3.3864874,-76.54319129999999
ChIJkw8p-nqhMI4RqhoaK0nBWUw,Borinquen Estilo y Belleza,"C.C. Unicentro, Paso Ancho #5-169 Local 107",3.3751887,-76.5380328
ChIJsw8XqJimMI4RGjgiUp5VSVo,Dr. Diego Montenegro - Medicina Estética y Anti-Envejecimiento,Calle 15 A #101-51,3.3664675,-76.5317343
ChIJoVAEW6WmMI4RM6BBhGgWy5Y,Plastikos CirujanosUnidad Quirurgica,Carrera 46 #9C-16,3.4146434,-76.53883309999999
ChIJgbICIOOjMI4RvYPIzFt-g14,Geriatric Hospital and Ancianato San Miguel E.S.E.,Carrera 70 #2A-04,3.3933215,-76.55200239999999
ChIJvUQEAlShMI4RoMfE5l_owWY,Cuidarte At home,Carrera 65 #9-73,3.3998153,-76.5436526
ChIJy-FX2iGkMI4RTYaVOMByVPE,Odontoccidente,"Calle 1 Oeste #39-42, Local: 3",3.4247256,-76.5525814
ChIJSSdNrZimMI4Rf-P2VDf3CZ4,Centro Médico Neurólogos de Occidente,Carrera 42 #2A-31,3.423376299999999,-76.550573
ChIJ-S8U3aCmMI4Re0VHs_Bdomw,Zynko,Carrera 43 #5A-82 B,3.420349499999999,-76.5465816
ChIJCWiLiKGmMI4RrW-eatcU1hk,Human Fine IPS,Carrera 43a #5B-17,3.4198708,-76.5461174
ChIJ5cDB36CmMI4RnY4JoiVOG7c,Longevos IPS,Calle 5b #42A-27,3.4204153,-76.54599069999999
ChIJN0g5vaamMI4R4ALfRYusVqw,Salud Colombia Eps,Carrera 44 #47,3.4181048,-76.543849
ChIJaVK4AqGmMI4ReD3_lwgJOho,Corporación IPS,Calle 5b #42-24,3.4211792,-76.5459255
ChIJWwp0D6GmMI4RoRqjx7cjey4,Saludigestiva,Calle 5b #42-16 consultorio 102,3.4213673,-76.5458261
ChIJK3xaAqGmMI4RwcbZ_A8hp2E,PACIFIC MEDICAL SOCIETY,Calle 5b #42-16,3.4213138,-76.54585829999999
ChIJd4f-VKemMI4RvpZfH8N71tM,Tecnoclínica,Calle 4b #39 - 70,3.4237658,-76.5477512
ChIJwV2nT6GmMI4RcgtsRp-Oc6A,Instituto De Patología Mejía Jiménez,Carrera 42a #5C-106,3.419675499999999,-76.543988
ChIJHzfFXaGmMI4R8LLCu8Ci4Pc,Eps sanitas principal,Calle 5e #42A-35,3.4192869,-76.54368389999999
ChIJtdisNqCmMI4R4hD0FmR4KYU,AIREC specialized medical group,Calle 5a #40-06,3.423306799999999,-76.54643380000002
ChIJb1uAY66mMI4RDwtD_7rgPjk,Los Farallones Children's and Maternity Clinic,"Camino Real, Calle 9 C #50-25",3.410039099999999,-76.5395312
ChIJ2xx5iZ-mMI4RpGYoGfwakL8,SOS,Calle 5 #39-37,3.423986,-76.5465971
ChIJEVSUW6GmMI4RWYl1kogMpMs,Medicarte,Calle 5e # 42-09,3.4200836,-76.5435057
ChIJsW_rXKGmMI4RDUq-S3-W5Os,Orthohand Hospital Pediatrico (Madre Laura),Calle 5e #42-10,3.4202288,-76.5436599
ChIJx6Wu4KCmMI4R8Fs_EkNfO0M,S.I.A.U Coosalud autorizaciones,Carrera 41 #5C - 58,3.4211356,-76.5438332
ChIJD6bt06GmMI4RR_AZXC-IWN0,Medicina Integral IPS S.A.,Carrera 39 #05 A-36,3.423730899999999,-76.5456591
ChIJs4XrvqGmMI4R8KRDiqoW4nA,Centro Medico Niño Sin Alergias,Carrera 40 #5B-29,3.4227298,-76.5447312
ChIJy3mD2aGmMI4R-UdOQThBaYE,Eps Emssanar,Carrera 39 #5a-41,3.4238723,-76.5450145
ChIJoyPikaGmMI4RW4TMYByhOUE,Centro Medico Imbanaco programa de medicina mente y cuerpo,Calle 5c #39-33,3.4225161,-76.5436526
ChIJVz99gKGmMI4Ro8vGgB7rk34,Colmédica Cali - Centro Médico y Odontológico,Carrera 40 #5C-118,3.4216085,-76.5430095
ChIJifhw4aGmMI4RJzsls_vuJKo,Imbanaco Medical Center | Tower A,Carrera 38a #5A 100,3.4239606,-76.54421959999999
ChIJLUO_hp-mMI4R0z-3zzlJMLY,Medivascular,Carrera 39a #5D - 25,3.4222824,-76.5429478
ChIJN5e526-mMI4RuVGL6gJK3S4,IPS Vivir Sura Cali,Calle 10 #48-07,3.4124346,-76.5376773
ChIJg3oxOWOhMI4RaX5zO-QAuxY,Ladera Health Network,Carrera 94 #4C-65,3.3759805,-76.5447581
ChIJH9RjsqGmMI4RDrXtT0k9T_c,Dra. Farly Noguera - Medicina Biológica - Acupuntura,"Unidad Ciudadela del río, Calle 4b #95-200 casa B18",3.374314800000001,-76.5462036
ChIJNx7cHJ-mMI4RjclbC9i0xGk,Imbanaco Medical Center | Headquarters,Carrera 38 Bis #5B2-04,3.4263339,-76.5452804
ChIJ82g9RaWmMI4R2VAZbiXGKuQ,Oxígeno & Salud,"Cra 46 9c-85, Consultorio 507, Clínica Santillana",3.414924,-76.538114
ChIJp5L7U5-mMI4RmOxc-wDzf3c,Centro Médico Imbanaco REHABILITACIÓN FÍSICA,Calle 5b 5 #38A-24,3.4245882,-76.5434719
ChIJgcyFOVWhMI4R6Tx2SEeo5Zs,Boston Medical Group Cali,Calle 5d #No. 38A 35,3.4229231,-76.5422201
ChIJz8U5S6WmMI4RXL7vASOd61U,Sinergia Salud,Calle 10 ##487,3.4152598,-76.5377273
ChIJO2k8Up-mMI4RorySb0PmVAg,Cali Laser Center,"Calle 5ta B5 # 38-54, San Fernando Viejo",3.4246996,-76.5431287
ChIJTZXeH5-mMI4RctaQyvWy2Rk,Clínica Takegami,Calle 5B2 # 38 -73,3.426607,-76.544595
ChIJQ-cKNZ-mMI4Rpd5KxXPn6UI,Colmédica Eps San Fernando,Calle 5b 4 #9,3.4255131,-76.5432522
ChIJmePyzJimMI4RMzuNZD9WuHs,Clínica MED,Carrera 38 #5b 2-44,3.426397799999999,-76.543961
ChIJW1s_4qKmMI4RnuRP86vcMsE,MEDICAMENTOS ESPECIALIZADOS S.A.,Carrera 39 #8A-09,3.4217383,-76.5391027
ChIJ26fdu06hMI4RuNTJnFjoMPE,Dr Raul Bravo,Calle 14 # 65 c 60,3.398593,-76.53250750000001
ChIJi54WD5umMI4R_akLadttvWw,Hospital Universitario del Valle Evaristo García,Calle 5 #36 - 00,3.430218,-76.5448825
ChIJKVfF7rCmMI4Ry6TBIwe9L9k,Centro de salud Panamericano,Calle 13 #46-2,3.4130021,-76.5332753
ChIJUyM_LmWhMI4Rh-joC8wlBMg,Coomeva C.c. Unicentro,Carrera 100 ##169,3.3757446,-76.5376938
ChIJh3KJBremMI4RYYH5VN9_K8o,LA MANO AMIGA Medicina Bioenergetica,Calle 14 #48 - 05,3.4099706,-76.5294327
ChIJ4TfhF5umMI4R-fuQvSbwiPw,Holistic Integrative Medicine Unit,Carrera 29 #5A-66,3.4326349,-76.5410399
ChIJzzcGQJqmMI4Rr1Mo1kQbI8k,"Vivemax,Centro Científico Internacional de Medicina Biológica Ltda.",Avenida Roosevelt #30-05,3.430243099999999,-76.538668
ChIJhwjiLpumMI4RLHuLQMQt6bE,Eps Selvasalud,Carrera 27 #5a-42,3.4332973,-76.54083059999999
